Workbook

Sheet Players
A1: ID | B1: Name | C1: TeamID | D1: Slot | E1: PortraitURL | F1: Sponsor1 | G1: Sponsor2 | H1: PPR | I1: MPR
A2: P01 | B2: Dave Grandbois | C2: T01 | D2: A
A3: P02 | B3: Tony Pastrana | C3: T01 | D3: B
A4: P03 | B4: Nick Betsinger | C4: T02 | D4: A
A5: P04 | B5: Cole Lair | C5: T02 | D5: B
A6: P05 | B6: Brian Dunker | C6: T03 | D6: A
A7: P06 | B7: Joe Schuldt | C7: T03 | D7: B
A8: P07 | B8: Jason Larson | C8: T04 | D8: A
A9: P08 | B9: Jack Stocker | C9: T04 | D9: B
A10: P09 | B10: Heang Pao | C10: T05 | D10: A
A11: P10 | B11: Brian Pieper | C11: T05 | D11: B
A12: P11 | B12: Allex Ege | C12: T06 | D12: A
A13: P12 | B13: Stevo Rathsabandith | C13: T06 | D13: B
... A17: P16 | B17: John Kleingarn | C17: T08 | D17: B

Sheet Teams
A1: ID | B1: Name | C1: PlayerAID | D1: PlayerBID
A2: T01 | B2: Grandbois / Pastrana | C2: P01 | D2: P02
A3: T02 | B3: Betsinger / Lair | C3: P03 | D3: P04
A4: T03 | B4: Dunker / Schuldt | C4: P05 | D4: P06
A5: T04 | B5: Larson / Stocker | C5: P07 | D5: P08
A6: T05 | B6: Pao / Pieper | C6: P09 | D6: P10
A7: T06 | B7: Ege / Rathsabandith | C7: P11 | D7: P12
A8: T07 | B8: Carner / Henstein | C8: P13 | D8: P14
A9: T08 | B9: Eakins / Kleingarn | C9: P15 | D9: P16

Sheet Schedule
A1: FixtureID | B1: Week | C1: Date | D1: Time | E1: Phase | F1: HomeTeamID | G1: AwayTeamID | H1: Status

Sheet Results
A1: FixtureID | B1: ContestType | C1: HomeLegs | D1: AwayLegs

Sheet Awards
A1: Award | B1: RecipientID | C1: Value | D1: Status

Sheet Player Stats
A1: PlayerID | B1: Player | C1: Slot | D1: Wins | E1: Losses | F1: Legs Won | G1: Legs Lost | H1: PPR | I1: MPR
A2: P01 | B2: =IFERROR(VLOOKUP(A2,Players!$A$2:$I$17,2,FALSE),"") | C2: =IFERROR(VLOOKUP(A2,Players!$A$2:$I$17,4,FALSE),"") | H2: =IFERROR(VLOOKUP(A2,Players!$A$2:$I$17,8,FALSE),"") | I2: =IFERROR(VLOOKUP(A2,Players!$A$2:$I$17,9,FALSE),"")
A3: P02 | B3: =IFERROR(VLOOKUP(A3,Players!$A$2:$I$17,2,FALSE),"") | C3: =IFERROR(VLOOKUP(A3,Players!$A$2:$I$17,4,FALSE),"") | H3: =IFERROR(VLOOKUP(A3,Players!$A$2:$I$17,8,FALSE),"") | I3: =IFERROR(VLOOKUP(A3,Players!$A$2:$I$17,9,FALSE),"")
A4: P03 | B4: =IFERROR(VLOOKUP(A4,Players!$A$2:$I$17,2,FALSE),"") | C4: =IFERROR(VLOOKUP(A4,Players!$A$2:$I$17,4,FALSE),"") | H4: =IFERROR(VLOOKUP(A4,Players!$A$2:$I$17,8,FALSE),"") | I4: =IFERROR(VLOOKUP(A4,Players!$A$2:$I$17,9,FALSE),"")
A5: P04 | B5: =IFERROR(VLOOKUP(A5,Players!$A$2:$I$17,2,FALSE),"") | C5: =IFERROR(VLOOKUP(A5,Players!$A$2:$I$17,4,FALSE),"") | H5: =IFERROR(VLOOKUP(A5,Players!$A$2:$I$17,8,FALSE),"") | I5: =IFERROR(VLOOKUP(A5,Players!$A$2:$I$17,9,FALSE),"")
A6: P05 | B6: =IFERROR(VLOOKUP(A6,Players!$A$2:$I$17,2,FALSE),"") | C6: =IFERROR(VLOOKUP(A6,Players!$A$2:$I$17,4,FALSE),"") | H6: =IFERROR(VLOOKUP(A6,Players!$A$2:$I$17,8,FALSE),"") | I6: =IFERROR(VLOOKUP(A6,Players!$A$2:$I$17,9,FALSE),"")
A7: P06 | B7: =IFERROR(VLOOKUP(A7,Players!$A$2:$I$17,2,FALSE),"") | C7: =IFERROR(VLOOKUP(A7,Players!$A$2:$I$17,4,FALSE),"") | H7: =IFERROR(VLOOKUP(A7,Players!$A$2:$I$17,8,FALSE),"") | I7: =IFERROR(VLOOKUP(A7,Players!$A$2:$I$17,9,FALSE),"")
A8: P07 | B8: =IFERROR(VLOOKUP(A8,Players!$A$2:$I$17,2,FALSE),"") | C8: =IFERROR(VLOOKUP(A8,Players!$A$2:$I$17,4,FALSE),"") | H8: =IFERROR(VLOOKUP(A8,Players!$A$2:$I$17,8,FALSE),"") | I8: =IFERROR(VLOOKUP(A8,Players!$A$2:$I$17,9,FALSE),"")
A9: P08 | B9: =IFERROR(VLOOKUP(A9,Players!$A$2:$I$17,2,FALSE),"") | C9: =IFERROR(VLOOKUP(A9,Players!$A$2:$I$17,4,FALSE),"") | H9: =IFERROR(VLOOKUP(A9,Players!$A$2:$I$17,8,FALSE),"") | I9: =IFERROR(VLOOKUP(A9,Players!$A$2:$I$17,9,FALSE),"")
A10: P09 | B10: =IFERROR(VLOOKUP(A10,Players!$A$2:$I$17,2,FALSE),"") | C10: =IFERROR(VLOOKUP(A10,Players!$A$2:$I$17,4,FALSE),"") | H10: =IFERROR(VLOOKUP(A10,Players!$A$2:$I$17,8,FALSE),"") | I10: =IFERROR(VLOOKUP(A10,Players!$A$2:$I$17,9,FALSE),"")
A11: P10 | B11: =IFERROR(VLOOKUP(A11,Players!$A$2:$I$17,2,FALSE),"") | C11: =IFERROR(VLOOKUP(A11,Players!$A$2:$I$17,4,FALSE),"") | H11: =IFERROR(VLOOKUP(A11,Players!$A$2:$I$17,8,FALSE),"") | I11: =IFERROR(VLOOKUP(A11,Players!$A$2:$I$17,9,FALSE),"")
A12: P11 | B12: =IFERROR(VLOOKUP(A12,Players!$A$2:$I$17,2,FALSE),"") | C12: =IFERROR(VLOOKUP(A12,Players!$A$2:$I$17,4,FALSE),"") | H12: =IFERROR(VLOOKUP(A12,Players!$A$2:$I$17,8,FALSE),"") | I12: =IFERROR(VLOOKUP(A12,Players!$A$2:$I$17,9,FALSE),"")
A13: P12 | B13: =IFERROR(VLOOKUP(A13,Players!$A$2:$I$17,2,FALSE),"") | C13: =IFERROR(VLOOKUP(A13,Players!$A$2:$I$17,4,FALSE),"") | H13: =IFERROR(VLOOKUP(A13,Players!$A$2:$I$17,8,FALSE),"") | I13: =IFERROR(VLOOKUP(A13,Players!$A$2:$I$17,9,FALSE),"")
... A17: P16 | B17: =IFERROR(VLOOKUP(A17,Players!$A$2:$I$17,2,FALSE),"") | C17: =IFERROR(VLOOKUP(A17,Players!$A$2:$I$17,4,FALSE),"") | H17: =IFERROR(VLOOKUP(A17,Players!$A$2:$I$17,8,FALSE),"") | I17: =IFERROR(VLOOKUP(A17,Players!$A$2:$I$17,9,FALSE),"")

Sheet Team Standings
A1: TeamID | B1: Team | C1: Contest Wins | D1: Contest Losses | E1: Legs Won | F1: Legs Lost | G1: Points
A2: T01 | B2: =IFERROR(VLOOKUP(A2,Teams!$A$2:$D$9,2,FALSE),"")
A3: T02 | B3: =IFERROR(VLOOKUP(A3,Teams!$A$2:$D$9,2,FALSE),"")
A4: T03 | B4: =IFERROR(VLOOKUP(A4,Teams!$A$2:$D$9,2,FALSE),"")
A5: T04 | B5: =IFERROR(VLOOKUP(A5,Teams!$A$2:$D$9,2,FALSE),"")
A6: T05 | B6: =IFERROR(VLOOKUP(A6,Teams!$A$2:$D$9,2,FALSE),"")
A7: T06 | B7: =IFERROR(VLOOKUP(A7,Teams!$A$2:$D$9,2,FALSE),"")
A8: T07 | B8: =IFERROR(VLOOKUP(A8,Teams!$A$2:$D$9,2,FALSE),"")
A9: T08 | B9: =IFERROR(VLOOKUP(A9,Teams!$A$2:$D$9,2,FALSE),"")

Sheet Instructions
A1: STEP | B1: ACTION
A2: 1 | B2: Roster and team pairings are populated. Confirm A/B slots: first name in each submitted pair is provisionally A, second is B.
A3: 2 | B3: Add publicly accessible player portrait URLs and sponsors to Players.
A4: 3 | B4: Set PlayerAID and PlayerBID on each team.
A5: 4 | B5: Add fixture rows in Schedule. Fixture IDs must be unique.
A6: 5 | B6: Enter three Results rows per fixture: A, B, CRICKET; best of three legs.
A7: 6 | B7: Enter PPR/MPR manually in Players; paste public HTTPS portrait URLs.
A8: 7 | B8: Player Stats and Team Standings are website-calculated; yellow cells are not authoritative.
A9: 8 | B9: The website calculates all ranking tables from Schedule and Results.
A10: 9 | B10: Deploy Code.gs from Extensions > Apps Script, then set config.js URL.
A11: 10 | B11: Do not put private personal information in publicly served source tabs.
